[
  {
    "ID": "#TWE1001501",
    "Name": "Willie Torres",
    "img": "build/images/users/user-1.jpg",
    "Role": "Nuxt JS Developer",
    "Email": "willie@tailwick.com",
    "Phone": "070 3715 3689",
    "Country": "United States",
    "Experience": "3",
    "JoinDate": "05 Feb, 2020"
  },
  {
    "ID": "#TWE1001524",
    "Name": "Patricia Garcia",
    "img": "build/images/users/user-2.jpg",
    "Role": "ASP.Net Developer",
    "Email": "PatriciaJGarcia@tailwick.com",
    "Phone": "077 7317 7572",
    "Country": "Brazil",
    "Experience": "0.5",
    "JoinDate": "12 Aug, 2023"
  },
  {
    "ID": "#TWE1001506",
    "Name": "Tonya Johnson",
    "img": "build/images/users/user-3.jpg",
    "Role": "Project Manager",
    "Email": "TonyaEJohnson@tailwick.com",
    "Phone": "079 2383 2340",
    "Country": "Denmark",
    "Experience": "0",
    "JoinDate": "11 Nov, 2023"
  },
  {
    "ID": "#TWE1001502",
    "Name": "Jose White",
    "img": "build/images/users/user-4.jpg",
    "Role": "React Developer",
    "Email": "ameida@tailwick.com",
    "Phone": "03476 56 14 12",
    "Country": "Philippines",
    "Experience": "1.5",
    "JoinDate": "09 Jun, 2022"
  },
  {
    "ID": "#TWE1001503",
    "Name": "Juliette Fecteau",
    "img": "build/images/users/user-1.jpg",
    "Role": "Sr. Angular Developer",
    "Email": "JulietteFecteau@tailwick.com",
    "Phone": "07231 96 25 88",
    "Country": "Belgium",
    "Experience": "1.9",
    "JoinDate": "11 May, 2021"
  },
  {
    "ID": "#TWE1001504",
    "Name": "Jonas Frederiksen",
    "img": "build/images/users/user-2.jpg",
    "Role": "Team Leader",
    "Email": "jonas@tailwick.com",
    "Phone": "61 53 62 05",
    "Country": "France",
    "Experience": "2.9",
    "JoinDate": "18 Jan, 2019"
  },
  {
    "ID": "#TWE1001505",
    "Name": "Kim Broberg",
    "img": "build/images/users/user-4.jpg",
    "Role": "UI / UX Designer",
    "Email": "KimBroberg@tailwick.com",
    "Phone": "040 382 2096",
    "Country": "Finland",
    "Experience": "1.2",
    "JoinDate": "23 April, 2021"
  },
  {
    "ID": "#TWE1001507",
    "Name": "Nancy Reynolds",
    "img": "build/images/users/user-1.jpg",
    "Role": "Web Designer",
    "Email": "NancyM@tailwick.com",
    "Phone": "0391 13 79 21",
    "Country": "Germany",
    "Experience": "0.9",
    "JoinDate": "01 July, 2022"
  },
  {
    "ID": "#TWE1001508",
    "Name": "Thomas Hatfield",
    "img": "build/images/users/user-2.jpg",
    "Role": "VueJs Developer",
    "Email": "thomas@tailwick.com",
    "Phone": "0911 47 65 49",
    "Country": "Mexico",
    "Experience": "1.6",
    "JoinDate": "08 Aug, 2021"
  },
  {
    "ID": "#TWE1001509",
    "Name": "Holly Kavanaugh",
    "img": "build/images/users/user-3.jpg",
    "Role": "Laravel Developer",
    "Email": "HollyKavanaugh@tailwick.com",
    "Phone": "819 947 5846",
    "Country": "Canada",
    "Experience": "2.3",
    "JoinDate": "23 Dec, 2020"
  }
]


